JLCPCB BOM Tool - BOM Matching,,,,,,,,,,,,,,,,,,,,,
BOM name?steno-JLCPCB Assembly Order.xlsx,,,,Download Time?2026-06-01 06:20:37,,,,"* Our matching results are updated in real-time, but stock and prices may change. 
If it's been over 24 hours, please re-match before placing your order.",,,,,,,,,,,,,
PCB Assembled Qty?5,,,,"Est. Total Price?17.4736
(Pre-order parts require a quotation for final pricing.)",,,,,,,,,,,,,,,,,
Your BOM,,,,Matched Parts,,,,,,,Order Information,,,,,,,,,,
Designator,Comment,Footprint,JLCPCB Part #,Matches,Part # ,Manufacturer,Footprint,Description,Category,Warning,JLCPCB Part #,Product link,Source,Lib Type,MOQ,Availability,My Parts(JLCPCB Parts),My Parts(Global sourcing & consigned parts),Rec. Order Qty,Unit Price ($),Total Price ($)
U2,NCP1117-3.3_SOT223,Package_TO_SOT_SMD:SOT-223-3_TabPin2,,Select by Customer,AMS1117-3.3,"UMW(Youtai Semiconductor Co., Ltd.)",Package_TO_SOT_SMD:SOT-223-3_TabPin2,"-40?~+125? 0.003%Vout 1 1.3V@(1A) 12V 1A 3.3V 5mA 60dB@(120Hz) Fixed Over Current Protection Positive SOT-223 Voltage Regulators - Linear, Low Drop Out (LDO) Regulators ROHS","Voltage Regulators - Linear, Low Drop Out (LDO) Regulators",,C347222,https://jlcpcb.com/partdetail/323882-AMS1117_33/C347222,In-stock,Extended,1,1092021,0,0,5,0.0425,0.2125
"C18,C19",1u,Capacitor_SMD:C_0402_1005Metric,,Unconfirmed,CL10A105KO8NNNC,Samsung Electro-Mechanics,Capacitor_SMD:C_0402_1005Metric,16V 1uF X5R ±10% 0603 Multilayer Ceramic Capacitors MLCC - SMD/SMT ROHS,Multilayer Ceramic Capacitors MLCC - SMD/SMT,1.The comment (CL10A105KO8NNNC) of this part does not match the one (1u) provided in your BOM. Please confirm;,C1592,https://jlcpcb.com/partdetail/1944-CL10A105KO8NNNC/C1592,In-stock,Extended,1,190324,0,0,20,0.0066,0.132
"C7,C8",10p,Capacitor_SMD:C_0402_1005Metric,,Unconfirmed,0402CG100J500NT,FH (Guangdong Fenghua Advanced Tech),Capacitor_SMD:C_0402_1005Metric,10pF 50V C0G ±5% 0402 Multilayer Ceramic Capacitors MLCC - SMD/SMT ROHS,Multilayer Ceramic Capacitors MLCC - SMD/SMT,1.The comment (0402CG100J500NT) of this part does not match the one (10p) provided in your BOM. Please confirm;,C1545,https://jlcpcb.com/partdetail/1897-0402CG100J500NT/C1545,In-stock,Extended,1,943832,0,0,20,0.0016,0.032
R8,120 Ohm,Resistor_SMD:R_0402_1005Metric,,Unconfirmed,RCA02120RJLF,HKR(Hong Kong Resistors),Resistor_SMD:R_0402_1005Metric,-55?~+155? 120? 50V 62.5mW ±200ppm/? ±5% 0402 Chip Resistor - Surface Mount ROHS,Chip Resistor - Surface Mount,1.The comment (RCA02120RJLF) of this part does not match the one (120 Ohm) provided in your BOM. Please confirm;,C22369171,https://jlcpcb.com/partdetail/23848201-RCA02120RJLF/C22369171,In-stock,Extended,1,220,0,0,20,0.0003,0.006
"R1,R6,R7",1k Ohms,Resistor_SMD:R_0402_1005Metric,,Unconfirmed,QR0402F1K00Q10Z,Ever Ohms Tech,Resistor_SMD:R_0402_1005Metric,-55?~+155? 1k? 50V 63mW Thick Film Resistor ±1% ±200ppm/? 0402 Chip Resistor - Surface Mount ROHS,Chip Resistor - Surface Mount,1.The comment (QR0402F1K00Q10Z) of this part does not match the one (1k Ohms) provided in your BOM. Please confirm;,C176101,https://jlcpcb.com/partdetail/Ever_OhmsTech-QR0402F1K00Q10Z/C176101,In-stock,Extended,1,1761,0,0,25,0.0038,0.095
"C1,C2,C9,C11,C12,C13,C14,C15,C16,C17",100n,Capacitor_SMD:C_0402_1005Metric,,Unconfirmed,CL05B104KO5NNNC,Samsung Electro-Mechanics,Capacitor_SMD:C_0402_1005Metric,100nF 16V X7R ±10% 0402 Multilayer Ceramic Capacitors MLCC - SMD/SMT ROHS,Multilayer Ceramic Capacitors MLCC - SMD/SMT,1.The comment (CL05B104KO5NNNC) of this part does not match the one (100n) provided in your BOM. Please confirm;,C1525,https://jlcpcb.com/partdetail/1877-CL05B104KO5NNNC/C1525,In-stock,Basic,1,14597814,0,0,60,0.0016,0.096
"BOOTSEL1,RST1",SW_Push,3rd_party_footprints:SW4_PTS815 SJM 250 SMTR LFS_CNK,,Unconfirmed,GT-TC048B-H025-L1,G-Switch,3rd_party_footprints:SW4_PTS815 SJM 250 SMTR LFS_CNK,"-30?~+85? 100,000 cycles 12V 2.5N 2.5mm 3.2mm 4.2mm 50mA No Oval Button SMD(SMT) Tab SPST Surface Mount,Vertical White Without Bracket SMD-4P,4.2x3.2mm Tactile Switches ROHS",Tactile Switches,"1.There may be multiple types of parts, but one type of part has been matched. Please check.;",C778165,https://jlcpcb.com/partdetail/GSwitch-GT_TC048B_H025L1/C778165,In-stock,Extended,1,8109,0,0,12,0.1044,1.2528
"R4,R5",27 Ohm,Resistor_SMD:R_0402_1005Metric,,Select by System,RCT0227RJLF,HKR(Hong Kong Resistors),Resistor_SMD:R_0402_1005Metric,-55?~+155? 27? 50V 62.5mW Thick Film Resistor ±200ppm/? ±5% 0402 Chip Resistor - Surface Mount ROHS,Chip Resistor - Surface Mount,,C174257,https://jlcpcb.com/partdetail/HKR_Hong_Kong_Resistors-RCT0227RJLF/C174257,In-stock,Extended,1,28940,0,0,20,0.0006,0.012
"R2,R3",5.1K Ohm,Resistor_SMD:R_0402_1005Metric,,Select by System,RCA025K1JLF,HKR(Hong Kong Resistors),Resistor_SMD:R_0402_1005Metric,-55?~+155? 5.1k? 50V 62.5mW Thick Film Resistor ±200ppm/? ±5% 0402 Chip Resistor - Surface Mount ROHS,Chip Resistor - Surface Mount,,C22356228,https://jlcpcb.com/partdetail/23789672-RCA025K1JLF/C22356228,In-stock,Extended,1,1723904,0,0,20,0.0006,0.012
D1,D,Diode_SMD:D_SOD-123F,,Select by System,SS14,MDD(Microdiode Semiconductor),Diode_SMD:D_SOD-123F,-55?~+150? 1A 25A 300uA@40V 40V 550mV@1A Independent SMA(DO-214AC) Schottky Diodes ROHS,Schottky Diodes,,C2480,https://jlcpcb.com/partdetail/MDD_Microdiode_Semiconductor-SS14/C2480,In-stock,Basic,1,2362916,0,0,15,0.0168,0.252
J2,USB_C_Receptacle_USB2.0_16P,Connector_USB:USB_C_Receptacle_HCTL_HC-TYPE-C-16P-01A,,Select by System,HC-TYPE-C-16P-01A,HCTL,Connector_USB:USB_C_Receptacle_HCTL_HC-TYPE-C-16P-01A,"-55?~+85? 1 16P 20V 5A 7.35mm Black Female Surface Mount, Right Angle Type-C SMD USB Connectors ROHS",USB Connectors,,C2894897,https://jlcpcb.com/partdetail/HCTL-HC_TYPE_C_16P01A/C2894897,In-stock,Extended,1,22466,0,0,5,0.0989,0.4945
Y1,Crystal_GND24,Crystal:Crystal_SMD_3225-4Pin_3.2x2.5mm,,Select by System,ABM8-272-T3,Abracon LLC,Crystal:Crystal_SMD_3225-4Pin_3.2x2.5mm,-40?~+85? 10pF 12MHz 50? Crystal Oscillator ±30ppm ±30ppm SMD3225-4P Crystals ROHS,Crystals,,C20625731,https://jlcpcb.com/partdetail/AbraconLLC-ABM8_272T3/C20625731,In-stock,Extended,1,12319,0,0,5,0.2934,1.467
U1,W25Q16JVSS,Package_SO:SOIC-8_5.3x5.3mm_P1.27mm,,Select by System,W25Q16JVSSIQ,Winbond Elec,Package_SO:SOIC-8_5.3x5.3mm_P1.27mm,"-40?~+85? 100,000 cycles 10uA 133MHz 16Mbit 2.7V~3.6V 20 Years 3ms SPI SOIC-8-208mil NOR FLASH ROHS",NOR FLASH,,C131025,https://jlcpcb.com/partdetail/WinbondElec-W25Q16JVSSIQ/C131025,In-stock,Extended,1,26743,0,0,5,1.2935,6.4675
"C3,C5",10u,Capacitor_SMD:C_0603_1608Metric,,Unconfirmed,CL10A106KP8NNNC,Samsung Electro-Mechanics,Capacitor_SMD:C_0603_1608Metric,10V 10uF X5R ±10% 0603 Multilayer Ceramic Capacitors MLCC - SMD/SMT ROHS,Multilayer Ceramic Capacitors MLCC - SMD/SMT,1.The comment (CL10A106KP8NNNC) of this part does not match the one (10u) provided in your BOM. Please confirm;,C19702,https://jlcpcb.com/partdetail/20411-CL10A106KP8NNNC/C19702,In-stock,Basic,1,4884920,0,0,20,0.0124,0.248
"D2,D3,D4,D5,D6,D7,D8,D9,D10,D11,D12,D13,D14,D15,D16,D17,D18,D19,D20,D21,D22,D23,D24,D25",1N914,Diode_SMD:D_SOD-123F,,Select by System,1N914W,HXY MOSFET,Diode_SMD:D_SOD-123F,-55?~+150? 1.25V@150mA 150mA 1uA@75V 2A 350mW 4ns 75V Standalone SOD-123 Switching Diodes ROHS,Switching Diodes,,C41419582,https://jlcpcb.com/partdetail/HXYMOSFET-1N914W/C41419582,In-stock,Extended,1,565,0,0,124,0.0105,1.302
U3,RP2040,Package_DFN_QFN:QFN-56-1EP_7x7mm_P0.4mm_EP3.2x3.2mm,,Select by System,RP2040,Raspberry Pi,Package_DFN_QFN:QFN-56-1EP_7x7mm_P0.4mm_EP3.2x3.2mm,12bit 133MHz 30 LQFN-56(7x7) Microcontrollers (MCU/MPU/SOC) ROHS,Microcontrollers (MCU/MPU/SOC),,C2040,https://jlcpcb.com/partdetail/RaspberryPi-RP2040/C2040,In-stock,Extended,1,43000,0,0,5,0.9854,4.927
LED1,LED,LED_SMD:LED_0402_1005Metric,,Unconfirmed,LTST-C281KGKT,Lite-On,LED_SMD:LED_0402_1005Metric,-30?~+85? 130° 20mA 2V 35mcd 571nm 574nm 75mW Discrete Diode Water Clear Yellow Green 0402 LED Indication - Discrete ROHS,LED Indication - Discrete,1.The comment (LTST-C281KGKT) of this part does not match the one (LED) provided in your BOM. Please confirm;,C160479,https://jlcpcb.com/partdetail/LiteOn-LTSTC281KGKT/C160479,In-stock,Extended,1,43438,0,0,9,0.0517,0.4653
"S1_S1,S2_T1,S3_P1,S4_H1,S5_*1,S6_S1,S7_K1,S8_W1,S9_R1,S10_*1,S11_F1,S12_P1,S13_L1,S14_T1,S15_D1,S16_R1,S17_B1,S18_G1,S19_S1,S20_Z1,S21_O1,S22_A1,S23_E1,S24_U1",Keyswitch,ScottoKeebs_Hotswap:Hotswap_Choc_V1V2_1.00u,,No matches,,No Part Selected,,,,,,,,,,,,,,,
